iter	Logloss	Accuracy
0	0.6139305788	0.9201252937
1	0.5536106267	0.9248238058
2	0.4958131938	0.9303054033
3	0.4509506954	0.9377447142
4	0.4124577902	0.9385277995
5	0.3805993343	0.9373531715
